№,Тип,Название,Описание проблемы,Почему это проблема,Аргументация,Статус,Приоритет
1,Риск/Баг-кандидат,Утечка памяти при длительной прокрутке бесконечной ленты,"При длительной прокрутке бесконечной ленты (более 30-40 минут непрерывной прокрутки) браузер может замедляться или происходит увеличение потребления памяти.","• Устаревшие элементы DOM не удаляются из памяти
• Каждый новый блок контента добавляется, но старые блоки могут оставаться в памяти
• Это влияет на производительность, особенно на мобильных устройствах с ограниченными ресурсами
• Пользователь может столкнуться с зависанием, крахом страницы","Это типичная проблема для реализации infinite scroll - при отсутствии виртуализации списков или механизма очистки DOM происходит накопление элементов. Требует проверки через браузерные DevTools (Memory Profiler).","Открыт","Высокий
2,Баг-кандидат,Неправильная загрузка контента при быстрой прокрутке (race condition),"При очень быстрой прокрутке ленты вниз пользователь может увидеть дублирующийся контент или пропущенные элементы.","• Race condition между запросами контента при быстрой прокрутке
• Асинхронные запросы могут приходить в неправильном порядке
• Пользователь видит некорректный или неполный контент
• Теряется доверие к платформе","Это критичная ошибка UX - пользователь не получает предсказуемое поведение. Особенно критично для контента, где важна последовательность и целостность.","Открыт","Критический
3,Риск/Неясность,Отсутствие обработки ошибок при загрузке контента,"Не ясно, что происходит с бесконечной лентой, если:
• Теряется интернет-соединение
• Сервер возвращает ошибку 500
• Запрос контента зависает/таймаутит","• Пользователь может не понять, почему контент перестал загружаться
• Отсутствует retry-механизм или уведомление об ошибке
• Лента ""зависает"" в неопределенном состоянии
• Невозможно продолжить использование после сбоя","Без явной обработки ошибок и feedback пользователю создается плохой UX опыт. Нужны либо автоматические повторные попытки, либо понятное уведомление с возможностью ручной перезагрузки.","Открыт","Высокий
4,Риск/Неясность,Различное поведение на мобильных и десктопных устройствах,"Порог срабатывания загрузки нового контента (расстояние от конца ленты) может отличаться на разных устройствах, вызывая неудобство: на мобильных - слишком рано/поздно загружается, на десктопе - неправильный таймаут.","• Непредсказуемое поведение для пользователя
• На мобильных может привести к множественным одновременным запросам
• Может создать ""пустые"" области, когда ничего не загружается
• Плохая производительность на медленных сетях (3G)","Это влияет на качество UX. Бесконечная лента должна работать предсказуемо независимо от устройства и типа подключения. Требует тестирования на разных устройствах и сетях.","Открыт","Средний
5,Неясность,Нечеткий feedback при загрузке контента,"При загрузке очередной порции контента на бесконечной ленте может быть непонятно пользователю:
• Загружается ли контент в данный момент
• Произошла ошибка или контент закончился
• Сколько контента уже загружено/осталось","• Отсутствует визуальный индикатор загрузки (spinner, progress bar, skeleton loader)
• Пользователь может начать перезагружать страницу
• Создается ощущение ""зависшей"" страницы
• Плохой UX опыт","Feedback - критичный элемент UX. Без четких сигналов пользователь теряет ощущение контроля. Решение: добавить индикаторы загрузки, сообщения об ошибках, информацию о количестве элементов.","Открыт","Средний
6,Баг-кандидат,Некорректная работа прокрутки при условном открытии модальных окон,"При прокрутке бесконечной ленты и одновременном открытии модальных окон/поп-апов может происходить:
• Смещение контента ленты
• Прокрутка ленты за модальным окном
• Некорректное отображение элементов","• Нарушение z-index слоев
• Проблемы с overflow и body scroll lock
• Инкомфортный UX опыт
• Может затруднить взаимодействие с модальным окном","Это типичная проблема при работе с бесконечным scroll и модальными окнами. Требует проверки обработки события scroll при открытых модальных окнах.","Открыт","Средний