№,Название тест-кейса,Предусловия,Описание,Шаги,Ожидаемый результат,Статус
1,Успешный переход на страницу выдачи поиска при нажатии Enter,"• Десктопная версия сайта ya.ru открыта
• Строка поиска видима и активна
• Пользователь находится на главной странице Яндекса","Проверить переход на страницу поиска при подтверждении запроса нажатием клавиши Enter","1. Кликнуть на поисковую строку
2. Ввести поисковый запрос (например, ""котики"")
3. Нажать клавишу Enter на клавиатуре","• Пользователь перенаправлен на страницу выдачи поиска (URL: https://ya.ru/search/?text=котики)
• Страница загружается корректно
• В результатах поиска отображаются результаты по введенному запросу
• Поисковый запрос отображается в строке поиска на странице выдачи",К выполнению
2,Успешный переход на страницу выдачи поиска при клике на кнопку поиска,"• Десктопная версия сайта ya.ru открыта
• Строка поиска видима и активна
• Пользователь находится на главной странице Яндекса","Проверить переход на страницу поиска при подтверждении запроса кликом по кнопке поиска","1. Кликнуть на поисковую строку
2. Ввести поисковый запрос (например, ""рецепты пасты"")
3. Кликнуть на кнопку поиска (лупа)","• Пользователь перенаправлен на страницу выдачи поиска
• URL содержит введенный запрос: https://ya.ru/search/?text=рецепты+пасты
• Загружаются релевантные результаты поиска
• Кнопка поиска остается в активном состоянии при клике",К выполнению
3,Успешный переход на страницу выдачи поиска при выборе подсказки из саджеста,"• Десктопная версия сайта ya.ru открыта
• Строка поиска видима и активна
• Пользователь находится на главной странице Яндекса","Проверить переход на страницу поиска при выборе подсказки из выпадающего списка саджестов","1. Кликнуть на поисковую строку
2. Начать вводить текст запроса (например, ""пур"" - первые 3 буквы)
3. Дождаться появления саджеста с подсказками
4. Кликнуть на один из предложенных вариантов (например, ""пурпурный цвет"")","• Пользователь перенаправлен на страницу выдачи поиска
• URL содержит выбранный из саджеста запрос
• Все результаты релевантны выбранной подсказке
• Выбранный текст отображается в поисковой строке на странице выдачи",К выполнению
4,Проверка поведения при попытке поиска с пустой строкой (граничный случай),"• Десктопная версия сайта ya.ru открыта
• Поисковая строка активна","Проверить обработку попытки поиска без введения запроса","1. Кликнуть на поисковую строку
2. Не вводить никакой текст (оставить строку пустой)
3. Нажать Enter или кликнуть на кнопку поиска","• Поиск не выполняется
• Пользователь остается на главной странице
• Появляется валидационное сообщение об ошибке
• Поисковая строка остается активной",К выполнению
5,Переход на страницу поиска с кириллицей и спецсимволами,"• Десктопная версия сайта ya.ru открыта
• Строка поиска видима и активна","Проверить корректную обработку кириллицы и спецсимволов в поисковом запросе","1. Кликнуть на поисковую строку
2. Ввести запрос с кириллицей и спецсимволами (например, ""C++ для начинающих"")
3. Нажать Enter","• Пользователь перенаправлен на страницу выдачи поиска
• URL корректно кодирует спецсимволы
• Результаты релевантны введенному запросу
• Поддерживаются кириллица и спецсимволы",К выполнению
6,Переход при вводе очень длинного запроса (граничный случай),"• Десктопная версия сайта ya.ru открыта
• Строка поиска видима и активна","Проверить обработку запроса с очень большим количеством символов","1. Кликнуть на поисковую строку
2. Ввести очень длинный запрос (более 1000 символов)
3. Нажать Enter","• Запрос обработан корректно
• Длинный запрос не вызывает ошибку
• Отображаются релевантные результаты или информативное сообщение
• Страница загружается без задержек",К выполнению